영화명,영화 코드,관객수,날짜
아빠가 여자를 좋아해,20090890,9754,20100120
웨딩드레스,20090892,8726,20100120
앨빈과 슈퍼밴드2,20090861,4601,20100120
셜록 홈즈,20090856,3872,20100125
8인: 최후의 결사단,20090916,5908,20100127
공주와 개구리,20090850,4658,20100127
주문진,20090917,11667,20100130
2008 서태지 심포니 위드 톨가 카쉬프 로열필하모닉,20100030,2138,20100204
용서는 없다,20090888,1621,20100205
아스트로 보이-아톰의 귀환,20090821,4623,20100207
춤추는 꿈틀이 밴드,20100011,3657,20100207
전우치,20090077,9337,20100210
꼬마 니콜라,20090897,4285,20100210
주유소 습격사건 2,20090895,3520,20100210
들어는 봤니? 모건 부부,20090913,2119,20100210
헤이트 발렌타인데이,20090944,1859,20100210
파라노말 액티비티,20090857,1411,20100210
식객2 : 김치전쟁,20090926,1600,20100217
발렌타인 데이,20090945,4451,20100219
하치 이야기,20100039,7092,20100224
공자 춘추전국시대,20100017,4784,20100224
원피스 극장판: 스트롱 월드,20100012,3834,20100224
울프맨,20090929,3220,20100224
엘라의 모험 2: 백설공주 길들이기,20100063,1526,20100302
클로이,20100090,6546,20100303
하늘에서 음식이 내린다면,20090718,2287,20100303
커플 테라피: 대화가 필요해,20100028,1540,20100303
우리가 꿈꾸는 기적: 인빅터스,20100105,6007,20100310
포스 카인드,20100077,5496,20100310
퍼시 잭슨과 번개 도둑,20090923,4801,20100310
러블리 본즈,20090865,2870,20100310
대병소장,20100115,4826,20100317
사랑은 언제나 진행중,20100029,3675,20100317
평행이론,20090160,3351,20100317
디어 존,20100098,3085,20100317
하모니,20090914,5298,20100321
프롬 파리 위드 러브,20100101,5659,20100324
데이브레이커스,20090932,5694,20100328
무법자,20100075,3445,20100331
사랑은 너무 복잡해,20090894,1300,20100401
폭풍전야,20090331,3576,20100407
비밀애,20100107,3124,20100407
의형제,20090904,1838,20100407
솔로몬 케인,20100116,1354,20100407
소명 2-모겐족의 월드컵,20100158,2814,20100410
아바타,20090834,2056,20100411
회복,20100027,872,20100412
그린 존,20090948,4268,20100414
셔터 아일랜드,20100103,4054,20100414
집 나온 남자들,20090947,1868,20100414
이상한 나라의 앨리스,20090930,772,20100414
프로포즈 데이,20100128,2248,20100421
크레이지,20100142,2158,20100421
작은 연못,20061214,1727,20100421
G-포스: 기니피그 특공대,20090866,8334,20100425
바운티 헌터,20100170,1273,20100426
일라이,20100143,5818,20100427
허트 로커,20100176,4209,20100504
킥 애스: 영웅의 탄생,20100169,3290,20100504
반가운 살인자,20100129,2741,20100504
타이탄,20100018,1976,20100509
브라더스,20100189,3934,20100512
육혈포 강도단,20090939,1500,20100513
케로로 더 무비 5: 기적의 사차원섬,20100166,4745,20100516
블라인드 사이드,20100165,879,20100517
친정엄마,20100168,2692,20100519
베스트셀러,20100131,2786,20100523
서태지밴드 라이브 투어 <더 뫼비우스>,20100266,1180,20100525
하하하,20100202,1114,20100526
나이트메어,20100192,2201,20100531
대한민국 1%,20100198,3684,20100601
아이언맨 2,20090933,7368,20100602
꿈은 이루어진다,20100206,2597,20100606
로빈 후드,20090951,4110,20100609
엣지 오브 다크니스,20090921,3348,20100615
유령작가,20100278,3132,20100615
내 깡패 같은 애인,20100256,2937,20100615
하녀,20100188,1701,20100615
구르믈 버서난 달처럼,20090931,750,20100616
토마스와 친구들 - 극장판 2,20100332,4047,20100620
엽문2,20100311,3761,20100622
페르시아의 왕자: 시간의 모래,20100193,4938,20100623
런어웨이즈,20100330,1684,20100624
베스트 키드,20100292,4410,20100627
드래곤 길들이기,20100190,7004,20100630
여대생 기숙사,20100335,5651,20100630
스트리트댄스,20100291,2572,20100630
섹스 앤 더 시티 2,20100285,2447,20100704
A-특공대,20100295,4009,20100706
아마존의 눈물,20100141,2886,20100707
필립모리스,20100339,1340,20100712
시,20100191,1058,20100714
킬러 인사이드 미,20100362,539,20100715
스플라이스,20090943,867,20100718
방자전,20090927,2646,20100720
맨발의 꿈,20100210,1469,20100720
아더와 미니모이 2 : 셀레니아 공주 구출 작전,20100376,1059,20100720
파괴된 사나이,20100353,1095,20100725
이클립스,20100361,16936,20100727
포화속으로,20100296,5473,20100727
나잇&데이,20100310,4699,20100727
마법사의 제자,20100381,20555,20100803
극장판 도라에몽: 진구의 인어대해전,20100379,20584,20100804
슈렉 포에버,20100333,9091,20100804
고死 두 번째 이야기: 교생실습,20100326,15015,20100810
마음이2,20100380,7234,20100810
명탐정 코난: 천공의 난파선,20100378,6541,20100810
오션스,20090953,13516,20100815
디센트: Part 2,20100763,4577,20100816
내니맥피 2: 유모와마법소동,20090952,11517,20100818
오션월드 3D,20100758,6354,20100818
엑스페리먼트,20100764,5887,20100818
이끼,20100209,4289,20100818
폐가,20100769,9346,20100825
스텝 업 3D,20100382,7915,20100825
솔트,20100370,7766,20100825
마법천자문: 대마왕의 부활을 막아라,20100788,4330,20100825
아바타 3D 스페셜에디션,20100796,8320,20100830
죽이고 싶은,20100300,9112,20100901
익스펜더블,20100768,5220,20100901
센츄리온,20100815,4883,20100901
골든 슬럼버,20100789,3950,20100901
프레데터스,20100794,16503,20100904
토이 스토리 3,20100377,14455,20100905
애프터 라이프,20100808,5526,20100908
뮬란: 전사의 귀환,20100807,5295,20100908
에브리바디 올라잇,20100809,3720,20100908
라스트 에어벤더,20100767,11224,20100912
악마를 보았다,20100301,4867,20100914
킬러스,20100766,4800,20100914
피라냐,20100816,2734,20100914
김복남 살인사건의 전말,20100281,4927,20100915
인셉션,20100312,3446,20100915
노다메 칸타빌레 Vol.1 ,20100925,2244,20100917
캣츠 앤 독스 2,20100812,8343,20100926
그랑프리,20100329,2599,20100929
퀴즈왕,20100813,2369,20101004
마루 밑 아리에티,20100810,2381,20101005
해결사,20100305,3986,20101012
레지던트 이블 4: 끝나지 않은 전쟁 3D,20100811,2765,20101012
무적자,20100833,3233,20101013
슈퍼  배드,20100814,13677,20101017
22 블렛,20100980,7673,20101020
먹고 기도하고 사랑하라,20100991,5418,20101020
아저씨,20100214,2168,20101020
참을 수 없는,20100057,6320,20101027
된장,20101004,3000,20101027
적인걸: 측천무후의 비밀,20100977,2986,20101027
검우강호,20100979,7840,20101030
플래닛 51,20090946,5154,20101031
방가? 방가!,20100835,4427,20101102
월 스트리트: 머니 네버 슬립스,20090950,3294,20101102
시라노; 연애조작단,20100834,3448,20101103
파라노말 액티비티 2,20101015,5568,20101107
나탈리,20101007,1759,20101109
레터스 투 줄리엣,20100975,1461,20101109
하비의 마지막 로맨스,20101047,711,20101110
스즈미야 하루히의 소실,20101165,4502,20101114
가디언의 전설,20101006,1052,20101116
대지진,20101038,918,20101116
데블,20101069,4243,20101117
돌이킬 수 없는,20101039,1731,20101117
심야의 F.M.,20100302,1706,20101117
쏘우 3D,20101011,7227,20101123
레드,20101008,3855,20101123
불량남녀,20101009,2966,20101123
두 여자,20101109,4731,20101126
듀 데이트,20101132,4992,20101130
렛 미 인,20101170,4551,20101130
언스토퍼블,20101070,3952,20101130
페스티발,20101012,3826,20101130
초능력자,20101010,6339,20101207
소셜 네트워크,20101013,4854,20101207
더 콘서트,20101206,3274,20101207
스위치,20101118,2383,20101208
라스트 엑소시즘,20101140,856,20101213
워리어스 웨이,20101014,5322,20101214
스카이 라인,20101133,1602,20101214
부당거래,20100213,1360,20101214
이층의 악당,20101113,1689,20101217
나는 나비,20101208,3024,20101218
베리드,20101138,1781,20101219
톨스토이의 마지막 인생,20101227,6132,20101221
투어리스트,20101212,11371,20101225
김종욱 찾기,20101200,16679,20101228
나니아 연대기: 새벽 출정호의 항해,20101213,14459,20101228
쓰리 데이즈,20101378,4690,20110104
아메리칸,20101071,3856,20110104
쩨쩨한 로맨스,20101221,2683,20110105
극장판 포켓 몬스터 DP 「환영의 패왕 조로아크」,20101226,2625,20110111
트론: 새로운 시작,20101225,5766,20110112
극장판 메탈 베이블레이드 VS 태양 작열의 침략자 솔블레이즈,20102413,2908,20110112
새미의 어드벤쳐,20101348,9224,20110115
해리 포터와 죽음의 성물1,20101224,9385,20110116
세인트 클라우드,20110023,3398,20110119
황해,20101222,1916,20110124
심장이 뛴다,20101399,11811,20110126
시즌 오브 더 위치: 마녀 호송단,20110029,11160,20110126
라스트 갓파더,20101209,7441,20110126
아프리카 마법여행,20119155,2561,20110126
꿀벌 하치의 대모험,20110030,2009,20110126
러브 & 드럭스,20110031,3758,20110201
가필드 펫 포스 3D,20119137,4172,20110204
헬로우 고스트,20101223,910,20110207
메가마인드,20102421,1214,20110208
그린 호넷,20102418,3629,20110209
타운,20102419,2661,20110209
혈투,20101003,1444,20110215
걸리버 여행기,20102417,7244,20110216
최후의 툰드라-극장판,20119501,1778,20110216
상하이,20119277,1725,20110216
평양성,20102415,4397,20110217
글러브,20102416,10804,20110220
127시간,20119358,11514,20110223
생텀,20119418,6419,20110223
친구와 연인사이,20119508,5349,20110223
아따맘마 - 극장판,20119585,4669,20110223
메카닉,20119427,9507,20110302
라푼젤,20101395,19206,20110306
알파 앤 오메가,20119556,10961,20110306
만추 리마스터링,19820019,4049,20110309
"사랑한다, 사랑하지 않는다",20119507,3433,20110309
언노운,20119429,2874,20110309
파이터,2009A362,8796,20110316
컨트롤러,20119430,4445,20110316
조선명탐정 : 각시투구꽃의 비밀,20102414,3578,20110316
아이들...,20119341,3280,20110316
아이 엠 넘버 포,20119420,2579,20110316
랭고,20119630,28253,20110320
비스틀리,20119802,7215,20110323
웨이 백,20119419,6255,20110323
달빛 길어올리기,20116037,3962,20110323
히어애프터,20119688,6640,20110325
사랑이 무서워,20119511,4334,20110329
레드 라이딩 후드,20119768,6453,20110330
굿모닝 에브리원,20119667,4555,20110330
로맨틱 헤븐,20119717,3373,20110330
베니싱,20119856,3832,20110406
미트 페어런츠 3,20119806,3777,20110406
블랙 스완,20119577,2424,20110406
"울지마, 톤즈",20100962,1914,20110407
월드 인베이젼,20119707,5631,20110410
소명 3 : 히말라야의 슈바이처,20119990,1342,20110411
줄리아의 눈,20119772,5342,20110413
황당한 외계인: 폴,20119721,3272,20110413
마이 블랙 미니드레스,20119720,1714,20110413
라스트 나잇,20119855,2324,20110419
써커 펀치,20119854,1464,20110419
킹스 스피치,20119637,1222,20110419
더 라이트: 악마는 있다,20110172,4372,20110426
한나,20119852,3581,20110426
나는 아빠다,20119989,2487,20110427
내 이름은 칸,20119771,2324,20110429
제인 에어,20110071,3624,20110503
마오의 라스트 댄서,20110171,3241,20110503
그대를 사랑합니다,20119337,1626,20110503
노미오와 줄리엣,20119972,9802,20110510
적과의 동침,20119529,2527,20110511
워터 포 엘리펀트,20110235,2347,20110511
썬더일레븐 극장판 : 최강군단 오우거의 습격,20110261,6201,20110515
수상한 고객들,20119974,767,20110516
세상에서 가장 아름다운 이별,20119627,713,20110517
천녀유혼,20110311,4117,20110518
짱구는 못말려 극장판 : 초시공! 태풍을 부르는 나의 신부,20110250,3982,20110522
옥보단 3D,20110292,717,20110524
토르: 천둥의 신,20110211,1694,20110525
콜렉터,20110487,684,20110527
분노의 질주: 언리미티드,20110185,575,20110527
소스 코드,20110221,2601,20110531
체포왕,20119619,1991,20110531
회초리,20110289,1242,20110531
삼국지: 명장 관우,20110501,2088,20110601
"미안해, 고마워",20110183,773,20110606
헤드,20119527,679,20110606
코파카바나,20101279,595,20110606
굿바이 보이,20110494,513,20110606
바보야,20110162,479,20110607
레지던트,20110502,4758,20110608
트루맛쇼,20110607,593,20110612
프리스트,20110571,5936,20110615
스크림 4G,20110182,3687,20110615
위험한 상견례,20119618,1893,20110615
캐리비안의 해적: 낯선 조류,20110294,3113,20110621
모비딕,20110313,7580,20110622
그린랜턴: 반지의 선택,20110655,2798,20110627
러브 앤 프렌즈,20110798,3724,20110628
정무문 : 100대 1의 전설,20110660,965,20110704
슈퍼 에이트,20110656,1028,20110706
링컨 차를 타는 변호사,20110581,1830,20110708
엑스맨: 퍼스트 클래스,20110561,4124,20110712
고 녀석 맛나겠다,20111101,1883,20110712
초(민망한)능력자들,20110897,1660,20110712
음모자,20110988,1549,20110712
소중한 날의 꿈,20101392,982,20110715
인 어 베러 월드,20110490,977,20110715
화이트: 저주의 멜로디,20110233,924,20110718
포인트 블랭크,20111351,5197,20110719
쿵푸팬더 2,20110511,875,20110719
풍산개,20110251,755,20110720
그을린 사랑,20101278,1577,20110725
고양이: 죽음을 보는 두 개의 눈,20110296,2804,20110726
빨간모자의 진실 2,20090922,1621,20110726
바니버디,20111034,4662,20110727
극장판 도라에몽: 진구와 철인군단 날아라 천사들,20111702,18087,20110802
카 2,20111249,15143,20110803
트랜스포머 3,20110659,8206,20110805
퍼스트 어벤져,20111113,6451,20110809
써니,20110193,6046,20110809
리오,20110657,6823,20110810
기생령,20110609,3355,20110810
카우보이 & 에이리언,20111757,15478,20110816
명탐정 코난 : 침묵의 15분,20110911,12925,20110821
고지전,20119515,3169,20110823
로맨틱 크라운,20112117,7926,20110824
7광구,20119513,4148,20110824
샤오린 : 최후의 결전,20111418,5495,20110825
별을 쫓는 아이,20111116,11548,20110828
돈비 어프레이드 : 어둠 속의 속삭임,20112141,4759,20110830
내 여자친구의 결혼식,20112121,2244,20110902
행오버 2,20111692,1815,20110902
퀵,20110290,1675,20110902
개구쟁이 스머프,20111540,24208,20110904
써니 감독판,20111250,1809,20110906
마당을 나온 암탉,20110279,32766,20110913
샤크 나이트 3D,20112132,4981,20110920
파이널 데스티네이션5,20112050,6138,20110921
푸른소금,20110301,5333,20110921
블라인드,20110297,4852,20110921
콜롬비아나,20111671,4780,20110921
통증,20110303,4353,20110928
챔프,20112082,3485,20110928
혹성탈출: 진화의 시작,20110896,2355,20110928
쥴리의 육지 대모험,20111536,5698,20111003
킬러 엘리트,20111893,2323,20111005
컨테이젼,20112175,2201,20111005
가문의 영광4 - 가문의 수난,20112272,2120,20111005
세 얼간이,20110899,1269,20111006
파퍼씨네 펭귄들,20111571,7045,20111009
어브덕션,20111892,2998,20111011
언피니시드,20112209,1141,20111014
비우티풀,20112314,871,20111018
투혼,20112552,3276,20111019
카운트다운,20111914,2289,20111019
코쿠리코 언덕에서,20112303,964,20111019
극장판 메이저 : 우정의 강속구,20111533,3564,20111023
최종병기 활 감독확장판,20112911,1733,20111023
히트,20112221,3711,20111026
최종병기 활,20110302,1217,20111026
파라노말 액티비티 3,20112693,10973,20111030
삼총사 3D,20112651,3168,20111101
트리 오브 라이프,20112622,2719,20111101
프렌즈 위드 베네핏,20112821,3293,20111102
도가니,20112534,2887,20111102
의뢰인,20110613,2373,20111102
쟈니 잉글리쉬2 : 네버다이,20112553,11135,20111106
훈장과 악동들,20112940,2375,20111108
Mr.아이돌,20113001,3633,20111109
더 킥,20112208,6031,20111112
청원,20112822,2302,20111113
오직 그대만,20112589,4552,20111116
헬프,20112763,4251,20111116
오늘,20110322,7033,20111118
커플즈,20110612,11646,20111119
인 타임,20112704,7054,20111120
완벽한 파트너,20112934,6034,20111123
스트레스를 부르는 그 이름 직장상사,20112971,4009,20111123
무협,20112701,2616,20111123
타워 하이스트,20112707,2920,20111124
티끌모아 로맨스,20112762,3706,20111129
퍼펙트 센스,20112973,1054,20111202
너는 펫,20111928,1653,20111204
신들의 전쟁,20111987,3858,20111206
50/50,20113306,3537,20111206
머니볼,20112311,2997,20111211
블리츠,20113307,4430,20111214
리얼 스틸,20112173,3168,20111214
결정적 한방,20113312,980,20111216
완득이,20112695,6415,20111220
특수본,20110906,4014,20111220
브레이킹 던 part1,20110905,2200,20111221
틴틴 : 유니콘호의 비밀,20112542,5007,20111228
아더 크리스마스,20112972,1756,20111228
앨빈과 슈퍼밴드3,20113311,5339,20120104
극장판 포켓몬스터 베스트 위시 「비크티니와 흑의 영웅 제크로무」,20112708,4523,20120104
극장판 포켓몬스터 베스트 위시「비크티니와 백의 영웅 레시라무」,20112709,12541,20120108
라이온 킹,19940256,5774,20120110
다크아워,20113652,4931,20120111
프렌즈: 몬스터섬의비밀 ,20113271,15973,20120115
퍼펙트 게임,20113260,17277,20120117
셜록홈즈 : 그림자 게임,20112621,17064,20120117
초한지 - 천하대전,20113883,6966,20120117
마이 웨이,20110295,5448,20120117
오싹한 연애,20113381,3557,20120117
여성다큐멘터리스트-반이다1,20112945,8162,20120118
코알라 키드 : 영웅의 탄생,20113811,18908,20120124
원더풀 라디오,20113671,7891,20120125
네버엔딩 스토리,20113636,4759,20120131
페이스메이커,20113951,5501,20120201
우리는 동물원을 샀다,20113472,3697,20120201
밀레니엄 : 여자를 증오한 남자들,20110882,3103,20120201
하이힐을 신고 달리는 여자,20113881,5506,20120208
장화신은 고양이,20113862,4042,20120208
잃어버린 세계를 찾아서 2: 신비의 섬,20113653,2270,20120208
미션임파서블:고스트프로토콜,20112207,2244,20120208
워 호스,20124099,7745,20120215
팅커 테일러 솔저 스파이,20124134,7563,20120215
스타워즈:에피소드1 보이지 않는 위험 ,19990216,5071,20120215
해피 피트 2,20113911,3297,20120215
우먼 인 블랙,20113975,9613,20120221
고스트 라이더 : 복수의 화신,20113890,7682,20120221
파파,20113643,4234,20120221
부러진 화살,20113535,6244,20120227
언더월드 4: 어웨이크닝,20124746,12420,20120228
레전드 오브 래빗,20113982,8038,20120228
점박이:한반도의 공룡3D,20100215,6749,20120228
더 그레이,20124021,6157,20120228
돌아온 파워레인저 미라클포스,20124738,17287,20120301
휴고,20124551,10503,20120304
철의 여인,20113912,1820,20120308
액트 오브 밸러: 최정예 특수부대 ,20124609,2502,20120309
토르: 마법망치의 전설,20113920,10979,20120311
맨 온 렛지,20124420,1516,20120312
세이프 하우스,20124449,1984,20120313
스탠리의 도시락 ,20124726,1658,20120313
아티스트,20113918,2199,20120314
댄싱퀸,20113743,1612,20120314
하울링,20110249,1527,20120314
저스티스,20124932,3791,20120321
러브픽션,20113916,1583,20120327
콘트라밴드,20124873,3727,20120328
서약,20124874,967,20120331
범죄와의 전쟁: 나쁜놈들 전성시대,20113557,842,20120401
가비,20111774,612,20120403
존 카터: 바숨 전쟁의 서막 ,20124629,805,20120404
크로니클,20124666,702,20120404
말하는 건축가,20112808,466,20120404
달팽이의 별,20100752,655,20120405
종착역,20101371,752,20120406
디스 민즈 워,20124096,620,20120406
스페이스 독,20124939,2270,20120408
화차,20124050,4392,20120410
코난: 암흑의 시대,20125106,3185,20120410
타이탄의 분노,20124717,3813,20120415
인류멸망 보고서,20068590,2180,20120420
킹메이커,20125126,3424,20120424
하트 브레이커,20113201,3013,20120424
하늘이 보내준 딸,20125307,1613,20120424
헝거게임: 판엠의 불꽃,20124127,1309,20120429
시체가 돌아왔다,20124051,1186,20120429
"봄, 눈",20113556,1378,20120502
타이타닉,19980074,2242,20120504
장화신은 고양이 디 오리지널,20125915,3255,20120505
배틀쉽,20112134,1090,20120509
언터처블: 1%의 우정,20124142,897,20120509
짱구는 못말려 극장판: 태풍을 부르는 황금스파이 대작전,20125427,14543,20120513
두레소리,20111416,1215,20120514
데인저러스 메소드,20125649,2475,20120516
간기남,20124032,2183,20120516
로렉스,20113889,11528,20120520
레이드 : 첫번째 습격,20125467,1750,20120523
다크 섀도우,20125866,1195,20120524
콜드 라잇 오브 데이,20125907,2046,20120525
은교,20124066,1634,20120525
건축학개론,20124074,2689,20120528
머신건 프리처,20125486,2067,20120529
백설공주,20125426,1083,20120529
블루 발렌타인,20126026,827,20120601
극장판 썬더일레븐GO : 궁극의 우정 그리폰,20125806,5765,20120603
다른나라에서,20124350,1039,20120604
코리아,20124045,2739,20120605
스노우 화이트 앤 더 헌츠맨,20113745,5538,20120613
어벤져스,20124721,1353,20120613
돈의 맛,20124064,1301,20120613
사다코 3D : 죽음의 동영상,20125646,5679,20120620
미확인 동영상 : 절대클릭금지,20110312,5016,20120620
더 씽,20126617,4904,20120620
페이스 블라인드,20126413,9090,20120627
맨 인 블랙 3,20113885,8813,20120627
프로메테우스,20125086,1354,20120628
I AM,20113553,1575,20120629
두 번의 결혼식과 한 번의 장례식,20124061,1993,20120701
미쓰GO,20113532,11822,20120704
차형사,20124065,4763,20120704
락아웃: 익스트림미션,20124946,1432,20120704
더 레이븐,20113821,12723,20120711
헤이와이어,20126410,4454,20120711
캐빈 인 더 우즈,20126566,3774,20120711
아부의 왕,20124055,2843,20120711
스트리트 댄스 2: 라틴배틀,20127211,3762,20120716
후궁 : 제왕의 첩,20113533,4015,20120717
내 아내의 모든 것,20113554,5351,20120718
베스트 엑조틱 메리골드 호텔,20126470,5217,20120718
두 개의 문,20112443,2164,20120719
마다가스카3 : 이번엔 서커스다!,20124136,5443,20120722
나는 공무원이다,20113391,1646,20120723
5백만불의 사나이,20124058,10739,20120724
두 개의 달,20125916,10682,20120724
리미트리스,20126745,2080,20120724
모모와 다락방의 수상한 요괴들,20127108,1974,20120724
케빈에 대하여,20113486,1149,20120727
서태지 8집: 398일의 기록,20128626,2042,20120729
미드나잇 인 파리,20126686,2824,20120731
어메이징 스파이더맨,20126077,2319,20120731
그레이브 인카운터,20127630,4396,20120806
락 오브 에이지,20127086,8850,20120807
피라냐 3DD,20127407,6343,20120807
연가시,20124062,4626,20120807
극장판 도라에몽: 진구와 기적의 섬 애니멀 어드벤처,20127266,4234,20120807
무서운 이야기,20124349,3871,20120813
명탐정 코난: 11번째 스트라이커,20127306,2647,20120813
아메리칸 파이: 19금 동창회,20128530,1958,20120813
빌리와 용감한 녀석들 3D,20127887,14714,20120826
아이스 에이지 4: 대륙 이동설,20126667,11017,20120826
레드라이트,20128272,3834,20120828
나는 왕이로소이다,20124080,2526,20120828
벨 아미,20125346,5000,20120829
다크 나이트 라이즈,20112703,3973,20120829
"그 시절, 우리가 좋아했던 소녀",20128588,2268,20120829
토탈 리콜,20125647,3415,20120905
미운오리새끼,20124046,3207,20120905
R2B: 리턴투베이스,20124049,1905,20120907
새미의 어드벤쳐 2,20126406,7582,20120909
웨딩스캔들,20128707,1382,20120910
577 프로젝트,20128271,859,20120911
바람과 함께 사라지다,20124067,12888,20120912
스텝업4 : 레볼루션,20126448,4515,20120912
링컨: 뱀파이어 헌터,20125338,3126,20120912
이웃사람,20125920,4009,20120919
인시디어스,20127446,3901,20120919
럼 다이어리,20129046,2084,20120921
익스펜더블 2,20128143,2553,20120922
본 레거시,20126409,5856,20120926
공모자들,20124063,5444,20120926
런던 블러바드,20125306,1768,20120926
레지던트 이블 5 : 최후의 심판,20127401,4786,20120928
나이트폴,20128832,1985,20120928
도둑들,20124034,3151,20121003
피에타,20124934,853,20121005
테드: 황금도시 파이티티를 찾아서,20129092,5331,20121007
익스트림 No.13,20129227,1816,20121007
우리도 사랑일까,20129260,1441,20121010
늑대아이,20127494,5146,20121014
19곰 테드,20129166,1813,20121015
프랑켄위니,20129766,3236,20121017
간첩,20124400,2013,20121017
테이큰 2,20128447,2254,20121019
아이언 스카이,20120221,1628,20121022
인피니트 콘서트 세컨드 인베이전 에볼루션 더 무비 3D,20129146,1310,20121023
로우리스: 나쁜 영웅들,20129407,5347,20121024
점쟁이들,20113887,4521,20121024
조조-황제의 반란,20120021,1612,20121028
파라노말 액티비티4,20129079,3255,20121030
위험한 관계,20129626,1926,20121030
비정한 도시 감독판,20121241,1894,20121030
회사원,20113886,821,20121102
오페라의 유령 : 25주년 특별 공연,20113471,998,20121105
비지터,20081818,818,20121106
복숭아나무,20124917,3029,20121107
파괴자들,20120127,2166,20121107
내가 고백을 하면,20120107,1352,20121107
루퍼,20128270,838,20121107
강철대오:구국의 철가방,20124070,998,20121108
터치,20125446,898,20121113
용의자X,20124057,4583,20121114
아르고,20129790,3272,20121114
밀림의 왕자 레오2,20120942,4341,20121118
메리다와 마법의 숲,20127634,2673,20121118
살인소설,20120421,7180,20121121
나우이즈굿 ,20120362,2224,20121121
업사이드 다운,20120562,2044,20121121
자칼이 온다,20126089,2657,20121127
철가방 우수氏,20120430,7057,20121128
007 스카이폴,20113461,4597,20121128
아워 이디엇 브라더 ,20120943,4474,20121201
남영동1985,20127546,5046,20121205
내 인생의 마지막 변화구 ,20121281,3124,20121205
늑대소년,20124054,7492,20121207
음치 클리닉 ,20125406,9212,20121212
돈 크라이 마미,20124348,5412,20121212
저지드레드 3D,20120661,4274,20121212
코드네임 제로니모,20121244,3408,20121214
극장판 파워레인저: 캡틴포스 VS 미라클포스 199 히어로 대결전 ,20122192,23849,20121216
브레이킹 던 part2,20126469,3126,20121217
늑대소년-확장판,20123161,17778,20121218
원 데이,20112561,17079,20121218
내가 살인범이다,20124075,4393,20121218
"광해, 왕이 된 남자",20124079,3680,20121221
가디언즈,20126407,23822,20121223
26년,20088506,23239,20121224
극장판 포켓몬스터 베스트위시「메로엣타의 반짝반짝 음악회」,20123217,54599,20121225
극장판 포켓몬스터 베스트위시「큐레무 VS 성검사 케르디오」,20128247,13045,20121231
나의 PS 파트너 ,20124936,3226,20130107
호빗: 뜻밖의 여정,20125048,10295,20130108
가문의 영광5 - 가문의 귀환,20128687,7233,20130108
호두까기인형 3D,20121622,4044,20130108
니코: 산타비행단의 모험,20122523,3719,20130109
마이 리틀 히어로,20126583,13337,20130116
주먹왕 랄프,20129388,5270,20130116
잠베지아: 신비한 나무섬의 비밀,20126388,3000,20130116
반창꼬,20124399,5766,20130120
클라우드 아틀라스,20124024,7403,20130122
파이스토리 : 악당상어 소탕작전,20122803,5210,20130122
타워,20124039,7371,20130129
부도리의 꿈 ,20123221,5438,20130203
더 임파서블,20121861,3001,20130205
마마,20123041,2062,20130205
잭 리처,20123333,1569,20130205
몬스터 호텔,20129156,1930,20130206
명탐정 코난:은빛 날개의 마술사,20048799,1916,20130209
파라노만,20113917,3292,20130211
라이프 오브 파이,20128386,1540,20130212
레미제라블,20128274,6098,20130213
몬스터 주식회사,20010292,3173,20130213
박수건달,20124935,2473,20130213
뽀로로 극장판 슈퍼썰매 대모험,20123681,14908,20130217
남쪽으로 튀어,20125990,11664,20130220
실버라이닝 플레이북,20123484,8899,20130220
눈의 여왕,20123421,8553,20130220
러브레터,20000067,2840,20130220
헨젤과 그레텔: 마녀 사냥꾼 3D,20133981,4871,20130222
라스트 스탠드,20123422,6803,20130226
다이하드: 굿 데이 투 다이,20123387,6014,20130226
해양경찰 마르코,20123644,5377,20130227
스카이포스 3D,20134042,8073,20130303
더 자이언트,20123821,8064,20130303
남자사용설명서,20126087,1356,20130305
분노의 윤리학,20128747,2292,20130306
플라이트,20123603,1425,20130306
빌리와 용감한 녀석들 2 ,20133924,9446,20130310
제로 다크 서티,20129262,7782,20130313
스토커,20120467,6133,20130313
차이니즈 조디악,20122843,3958,20130313
글래디에이터: 로마 영웅 탄생의 비밀 3D,20134102,16687,20130317
잭 더 자이언트 킬러,20123641,11881,20130317
사이코메트리,20134407,8264,20130320
오즈 그레이트 앤드 파워풀,20122625,3137,20130320
알렉스 크로스,20134222,2417,20130320
베를린,20124083,2323,20130320
드림팀,20134141,1818,20130320
링컨,20134581,3059,20130327
원피스 극장판 Z,20134983,11574,20130331
돌핀 : 꿈꾸는 다니엘의 용감한 모험,20135942,6342,20130331
웃는 남자,20134701,5000,20130403
장고:분노의 추적자,20126306,4776,20130403
안나 카레니나,20122231,3614,20130403
웜 바디스,20135241,8508,20130407
호스트,20134869,2629,20130408
끝과 시작,20119971,1660,20130410
호프 스프링즈,20135581,1367,20130412
7번방의 선물,20127593,1060,20130415
파파로티,20129368,4852,20130417
레옹 ,19950095,2395,20130417
신세계,20124401,1819,20130417
꼬마영웅 경찰차 프로디,20136783,8329,20130421
테이크다운,20136202,1502,20130422
연애의 온도,20128690,4148,20130424
지.아이.조 2,20113972,3035,20130424
뷰티풀 크리처스,20136662,1457,20130426
노리개,20123201,4169,20130430
지슬 - 끝나지 않은 세월2,20120108,2048,20130430
폭풍우 치는 밤에: 비밀 친구,20137422,15753,20130505
피노키오: 당나귀 섬의 비밀,20120381,8385,20130505
에반게리온: Q,20136921,1019,20130507
오블리비언,20134181,4083,20130508
송 포 유,20136138,2424,20130508
런닝맨,20126671,1651,20130508
사랑의 가위바위보,20137241,1230,20130509
니모를 찾아서,20030072,2936,20130512
스니치,20137082,4624,20130515
전설의 주먹,20125333,4099,20130515
사랑은 타이핑 중!,20137061,767,20130516
셰임,20123602,624,20130516
로마 위드 러브,20134603,945,20130517
짱구는 못말려 극장판:태풍을 부르는 나와 우주의 프린세스,20136741,834,20130519
러스트 앤 본,20133881,816,20130519
앤젤스 셰어: 천사를 위한 위스키,20122221,527,20130520
전국노래자랑,20121549,1783,20130529
저스트 어 이어 ,20137181,2131,20130530
미나문방구,20128691,4055,20130602
아이언맨 3,20121621,6843,20130604
뜨거운 안녕,20127597,3614,20130604
고령화 가족,20120426,1621,20130604
쾌걸 조로리의 대대대대모험,20138350,2877,20130607
애프터 어스,20137426,4440,20130612
극장판 썬더일레븐 GO VS 골판지 전사 W,20138201,3111,20130616
무서운 이야기 2,20136058,8173,20130619
분노의 질주: 더 맥시멈,20135221,5375,20130619
백악관 최후의 날,20137963,3795,20130619
위대한 개츠비,20136219,2462,20130619
몽타주,20122784,1266,20130619
더 콜,20138141,11323,20130626
닥터,20120103,6156,20130626
꼭두각시,20138712,2965,20130626
라스트 엑소시즘: 잠들지 않는 영혼,20139222,1152,20130702
스타트렉 다크니스,20123329,1753,20130703
빅 웨딩,20138884,1690,20130703
비포 미드나잇,20134562,1125,20130703
이별계약,20137081,862,20130704
타이치0 3D,20139081,1599,20130705
빅 픽처,20134044,1004,20130705
쥬라기 공원,19930176,4885,20130707
48미터,20120801,1127,20130709
인 더 하우스,20139121,847,20130709
화이트 하우스 다운,20137815,11969,20130710
맨 오브 스틸,20137961,1747,20130710
쿵후팬더: 영웅의 탄생,20139263,13091,20130714
크루즈 패밀리,20135362,4476,20130714
토토의 움직이는 숲,20126253,3133,20130714
명왕성,20120110,1678,20130716
론 레인저,20136862,2566,20130717
사이드 이펙트,20139723,2527,20130717
은밀하게 위대하게,20126672,937,20130722
까밀 리와인드,20134068,896,20130722
토니 스토리: 깡통제국의 비밀,20139141,6753,20130724
마스터 ,20138982,929,20130724
월드 워 Z,20122122,9184,20130730
더 웹툰: 예고살인,20129114,1484,20130730
슈퍼히어로,20139821,3282,20130801
퍼시픽 림,20136961,2293,20130805
미스터 고,20124082,6149,20130806
극장판 도라에몽: 진구의 비밀도구 박물관,20139383,2746,20130806
감시자들,20122783,3632,20130813
더 울버린,20137121,2721,20130813
명탐정 코난 : 수평선상의 음모,20058720,4105,20130821
언어의 정원,20139083,2235,20130821
슈퍼윙스 3D,20130569,1978,20130821
개구쟁이 스머프 2,20136761,9489,20130825
킬링시즌,20131203,1608,20130826
터보,20137549,1166,20130827
R.I.P.D. : 알.아이.피.디.,20138421,8313,20130828
투 마더스,20130821,1636,20130829
일대종사,20139072,2327,20130830
드래곤볼Z : 신들의 전쟁,20131681,13259,20130901
에픽 : 숲속의 전설 ,20138202,8181,20130901
마지막 4중주,20139826,2461,20130903
레드: 더 레전드,20136962,4000,20130904
잡스,20139265,2740,20130910
더 테러 라이브,20136052,1113,20130910
엘리시움,20137811,9293,20130911
바람이 분다,20132082,2902,20130911
감기,20124937,1524,20130911
뫼비우스,20139461,1404,20130911
숨바꼭질,20136049,2606,20130916
나우 유 씨 미 : 마술사기단,20138881,4123,20130919
프리버즈: 밍쿠와 찌아의 도시 대탈출,20131001,7815,20130922
설국열차,20126674,1945,20130924
우리 선희,20137041,1935,20130924
퍼펙트,20131241,2775,20130925
히든 카드,20131630,10830,20131001
섀도우 헌터스: 뼈의 도시,20129588,4131,20131001
퍼시 잭슨과 괴물의 바다,20137562,3437,20131001
짓,20122466,2012,20131001
정글번치 : 빙산으로의 귀환,20128079,8769,20131006
적인걸2 : 신도해왕의 비밀,20132262,4662,20131008
페이머스 파이브 : 키린섬의 비밀,20132382,1720,20131010
몬스터 대학교,20135001,8182,20131013
에코 플래닛 3D : 지구 구출 특급 대작전,20132601,6633,20131013
로덴시아: 마법왕국의 전설,20132261,6179,20131013
프리즈너스,20130783,1876,20131016
코알라,20125527,1450,20131016
히어로,20136059,943,20131016
컨저링,20131381,3331,20131020
킥 애스 2 : 겁없는 녀석들,20137722,1404,20131022
러시 : 더 라이벌,20132120,1292,20131022
관상,20126091,3620,20131023
깡철이,20123381,2686,20131023
러브레이스,20058701,1589,20131023
슈퍼배드 2,20122089,2946,20131027
밤의 여왕,20123384,2066,20131028
배우는 배우다,20134124,10061,20131029
롤러코스터,20122785,3143,20131029
원 오브 어 카인드 3D ; G-DRAGON 2013 1ST WORLD TOUR,20134374,1172,20131031
연애의 기술,20139402,1037,20131101
톱스타,20120428,3700,20131102
어떤 시선,20132807,3365,20131103
캡틴 필립스,20132821,4182,20131105
블루 재스민,20131541,2602,20131105
응징자,20122786,3149,20131106
화이: 괴물을 삼킨 아이,20123383,2398,20131106
디스커넥트,20134073,2065,20131111
소녀,20134413,1934,20131111
더 퍼지,20139601,7860,20131113
세이프 헤이븐,20133760,3781,20131113
투건스,20135343,2691,20131113
소원,20134582,2204,20131113
노브레싱,20138223,3669,20131115
맛있는 사랑공식-섹스,20134705,1620,20131115
화이트 고릴라,20134144,7158,20131117
터미네이터 2 : 심판의 날 감독판,19918269,2585,20131117
완전 소중한 사랑,20138222,1779,20131119
공범,20129606,5611,20131120
블랙 가스펠,20131245,1781,20131122
사이비,20131263,2390,20131124
동창생,20127595,2347,20131126
카운슬러,20133152,2360,20131127
산타의 매직 크리스탈,20135443,10889,20131201
리딕,20132824,8704,20131204
토르: 다크 월드,20138355,5082,20131204
더 파이브,20134801,4137,20131204
오싱,20135367,3474,20131209
창수,20110881,8081,20131210
버틀러: 대통령의 집사,20134268,3711,20131210
친구 2,20137044,3683,20131214
코비: 블루 엘리펀트의 전설,20135365,3888,20131215
열한시,20124402,3288,20131217
이스케이프 플랜,20135370,6339,20131218
결혼전야,20136061,2681,20131218
헝거게임: 캣칭 파이어,20138544,2500,20131218
하늘에서 음식이 내린다면 2,20133701,2382,20131218
인시디어스: 두번째 집,20135657,6256,20131222
비행기,20136308,12042,20131230
캐치미,20139981,9270,20131230
세이빙 산타,20135427,6814,20131230
그렇게 아버지가 된다,20133704,4474,20140107
저스틴,20135369,11601,20140108
호빗: 스마우그의 폐허,20134267,7325,20140108
집으로 가는 길,20134123,6127,20140108
다이노소어 어드벤처 3D,20134984,3777,20140108
엔더스 게임,20131246,10480,20140112
배틀 오브 비보이,20136575,3755,20140114
썬더와 마법저택,20134206,4992,20140115
"극장판 포켓몬스터 베스트위시: 신의 속도 게노세크트, 뮤츠의 각성",20134592,19948,20140119
플랜맨,20138224,14035,20140121
어바웃 타임,20135428,6221,20140121
살인자,20136894,5690,20140121
월터의 상상은 현실이 된다,20134046,1704,20140122
타잔 3D,20134533,7493,20140126
더 울프 오브 월스트리트,20136812,4208,20140128
잭 라이언 : 코드네임 쉐도우,20136337,2112,20140128
극장판 가면라이더 VS 파워레인저 슈퍼히어로 대전,20136860,1922,20140128
용의자,20124938,1442,20140128
디노타샤: 공룡대탐험,20147161,6508,20140202
"가장 따뜻한 색, 블루",20136292,3394,20140204
폴리스 스토리 2014,20147250,5479,20140205
인사이드 르윈 ,20133585,3874,20140205
조선미녀삼총사,20126090,6090,20140209
프랑켄슈타인: 불멸의 영웅,20147096,16507,20140212
피끓는 청춘,20139881,7569,20140212
굿모닝 맨하탄,20147301,2484,20140212
넛잡: 땅콩 도둑들,20136800,3679,20140213
변호인,20134803,2420,20140217
남자가 사랑할 때,20137043,9454,20140219
슈퍼노바 지구 탈출기,20147372,3269,20140219
우리별 일호와 얼룩소,20147282,3376,20140221
명탐정 코난 : 탐정들의 진혼가 ,20068659,3294,20140224
또 하나의 약속,20122787,6662,20140226
어네스트와 셀레스틴,20134070,6129,20140226
스턱 인 러브,20147584,4665,20140227
로보캅,20134587,8410,20140302
모뉴먼츠 맨: 세기의 작전,20147430,4048,20140305
아메리칸 허슬,20136887,2542,20140305
신이 보낸 사람,20136043,3392,20140311
찌라시: 위험한 소문,20139401,9264,20140312
다이애나,20133603,5568,20140312
달라스 바이어스 클럽,20147625,3800,20140312
관능의 법칙,20130561,3160,20140312
엔들리스 러브,20147695,4271,20140314
"하늘을 나는 강아지, 비포와 친구들",20147904,4277,20140316
원 챈스,20147693,5145,20140319
그래비티,20139221,2645,20140319
겨울왕국,20136803,2481,20140319
폼페이: 최후의 날,20134028,2270,20140319
꼬마영웅 경찰차 프로디2,20147848,8352,20140323
프라이버시,20147872,1051,20140325
벨과 세바스찬,20147649,913,20140326
블러드 타이즈 ,20147883,1756,20140327
초원의 왕 도제,20136736,7711,20140330
아바타 정글의 비밀,20148168,4767,20140330
노예 12년,20136866,978,20140331
아이스맨,20147690,730,20140331
몬스터,20136060,1078,20140401
논스톱,20147299,1906,20140402
300: 제국의 부활,20147247,1289,20140402
수상한 그녀,20131102,1217,20140402
어거스트: 가족의 초상,20147678,5866,20140409
백프로,20124047,2933,20140409
세이빙 미스터 뱅크스,20147509,1015,20140409
짱구는 못말려 극장판：엄청 맛있어! B급 음식 서바이벌!,20147971,14263,20140413
우아한 거짓말,20138226,3095,20140415
론 서바이버 ,20147953,3049,20140415
쓰리데이즈 투 킬,20147612,3022,20140415
노아,20133602,2496,20140415
가시,20134585,5299,20140416
슈퍼미니,20147694,13582,20140420
헤라클레스 : 레전드 비긴즈,20147609,6609,20140420
니드 포 스피드,20148232,5970,20140422
그랜드 피아노,20148208,3499,20140422
필로미나의 기적,20147679,1262,20140423
다이버전트,20147283,9556,20140429
페이스 오브 러브,20147948,3111,20140429
파가니니: 악마의 바이올리니스트,20136805,1518,20140430
방황하는 칼날,20129787,1241,20140430
선 오브 갓,20147968,1107,20140430
몬스터 왕국,20148277,5594,20140506
디태치먼트,20134601,1310,20140508
히트맨 NO.2 : 살인면허,20148615,1048,20140508
캡틴 아메리카: 윈터 솔져,20147790,879,20140513
한공주,20134122,1033,20140514
침입자들 : 로봇의 역습,20148967,1378,20140515
천재 강아지 미스터 피바디,20133601,8124,20140518
위크엔드 인 파리,20147880,675,20140519
사브리나,19548002,560,20140519
그랜드 부다페스트 호텔,20147727,929,20140520
어메이징 스파이더맨 2,20135661,5355,20140521
라스트베가스,20147683,2845,20140521
일대일,20148447,1199,20140521
케이트 맥콜,20148835,2529,20140522
도희야,20134586,9511,20140528
더 바디,20148129,6726,20140528
고질라,20147874,4834,20140528
트랜센던스,20130522,3514,20140531
리오 2,20138962,3241,20140601
역린,20139183,1702,20140602
표적,20139164,2023,20140603
마이 블랭키,20148347,3816,20140608
오큘러스,20148686,2954,20140610
인간중독,20133322,3347,20140611
리스본행 야간열차,20147684,2199,20140611
밀리언 웨이즈,20148847,3258,20140612
극장판 루팡 3세 VS 명탐정 코난,20148648,8432,20140615
우는 남자,20132482,4648,20140617
경주,20133641,4259,20140617
하이힐,20136062,3795,20140617
베스트 오퍼,20148834,3299,20140617
극장판 날아라! 호빵맨 : 바나나섬을 되찾아줘,20149155,5602,20140622
엑스맨: 데이즈 오브 퓨처 패스트,20147669,9482,20140624
말레피센트,20148383,6741,20140624
로코왕국의 전설: 엘프킹을 찾아서,20149307,4169,20140629
이브 생 로랑,20148602,1738,20140630
님포매니악 볼륨1,20148994,1264,20140630
그레이트 뷰티,20147970,2352,20140701
황제를 위하여,20134591,1836,20140702
로보싸커,20149286,3866,20140706
미녀와 야수,20148795,3160,20140706
나쁜 이웃들 ,20149271,5440,20140708
님포매니악 볼륨2,20149343,1398,20140708
창문 넘어 도망친 100세 노인,20148728,2433,20140709
그레이스 오브 모나코,20148877,2064,20140709
파이어 : 테러와의 전쟁,20149767,1636,20140710
비포 : 치즈와 초콜릿을 찾아서,20149494,4923,20140713
파이어스톰,20149377,1023,20140714
드래프트 데이,20149313,1109,20140715
테레즈 라캥,20149270,1055,20140715
엣지 오브 투모로우,20148807,2020,20140716
소녀괴담,20147931,1778,20140716
산타바바라,20138221,2236,20140718
천하무적 키코리키,20149462,8227,20140720
좋은 친구들,20148745,11938,20140722
분신사바 2,20149511,8026,20140722
끝까지 간다,20130442,3243,20140722
더 시그널,20149288,1886,20140722
밀애,20140081,1420,20140724
그녀,20148748,1966,20140727
주온 : 끝의 시작,20149394,6027,20140729
트랜스포머: 사라진 시대,20122021,4714,20140729
신의 한 수,20139201,7531,20140730
스톤,20130929,1661,20140730
동경가족,20148997,1373,20140804
혹성탈출: 반격의 서막,20148973,7928,20140805
프란시스 하,20136926,2893,20140805
어떤 만남,20149459,1824,20140805
극장판 뛰뛰빵빵 구조대 미션: 둥둥이를 구하라!,20138501,3617,20140810
유아 넥스트,20147950,1181,20140811
군도: 민란의 시대,20123501,11129,20140812
허큘리스,20149568,7134,20140812
마담 프루스트의 비밀정원,20148830,3712,20140812
터키,20149758,2334,20140812
명탐정 코난 : 이차원의 저격수,20149567,7622,20140819
극장판 포켓몬스터 AG - 아름다운 소원의 별 지라치,20041524,3460,20140819
내 연애의 기억,20149441,7506,20140820
드래곤 길들이기 2,20131248,15664,20140824
터널 3D,20147928,13037,20140824
인보카머스,20149931,5716,20140826
매직 인 더 문라이트,20149591,4047,20140826
더 기버: 기억전달자,20149099,5230,20140827
익스펜더블 3,20149818,4999,20140827
가디언즈 오브 갤럭시,20149317,4937,20140827
비행기 2: 소방구조대,20149978,8085,20140831
"안녕, 헤이즐",20149846,9682,20140902
해무(海霧),20134082,5323,20140902
더 퍼지 : 거리의 반란,20149831,4252,20140902
브릭 맨션: 통제불능 범죄구역,20149140,3968,20140902
선샤인 온 리스,20149248,3108,20140905
닌자터틀,20148132,3032,20140905
극장판 도라에몽: 진구의 아프리카 모험 ~베코와 5인의 탐험대~,20140181,15032,20140914
쎄븐 플로어,20141401,912,20140915
씬 시티: 다크히어로의 부활,20134069,5229,20140917
스텝 업: 올 인,20149930,4800,20140919
설계,20149257,4151,20140924
명량,20129370,3992,20140924
두근두근 내 인생,20134594,6103,20140927
마야,20149970,9516,20140928
지골로 인 뉴욕,20140762,3237,20140930
루시,20135656,2536,20140930
베리 굿 걸,20140247,8434,20141001
해적: 바다로 간 산적,20136064,7310,20141001
툼스톤,20140524,5893,20141001
인투 더 스톰,20149811,3523,20141001
프랭크,20140196,3195,20141001
정글히어로,20141028,12635,20141005
유고와 라라 : 신비의 숲 어드벤처,20149838,3986,20141005
초콜렛 도넛,20147691,1385,20141008
맨홀,20148927,5279,20141015
타짜-신의 손,20134804,9607,20141016
"극장판 파워레인저 다이노포스VS고버스터즈 공룡 대결전! ~안녕, 영원한 친구여!~",20141281,9302,20141019
마담 뺑덕,20136863,2954,20141021
슬로우 비디오,20135386,7476,20141022
비긴 어게인,20149629,5113,20141022
킬 유어 달링,20140459,2480,20141022
타임 투 러브,20142110,4720,20141023
마인드스케이프,20142021,4893,20141024
애나벨,20141113,7514,20141025
노벰버 맨,20140458,6368,20141026
컬러풀 웨딩즈,20149984,3728,20141029
제보자,20134589,8792,20141101
메이즈 러너,20140431,7570,20141102
본타: 땅콩왕국의 전설,20142844,7463,20141102
드라큘라: 전설의 시작,20141261,4791,20141105
내가 잠들기 전에,20141961,3860,20141105
앵그리스트 맨,20141441,2742,20141105
나의 독재자,20148626,4571,20141112
나의 사랑 나의 신부,20147930,3633,20141112
레드카펫,20139964,1951,20141112
우리는 형제입니다,20148842,1982,20141113
토마스와 친구들: 잃어버린 왕관,20143325,4276,20141116
보이후드,20149910,684,20141117
"제자, 옥한흠",20142798,1625,20141118
아더 우먼,20142023,7338,20141119
울브스,20142321,3955,20141119
왓 이프,20142481,2316,20141119
거인,20141001,1533,20141119
누구에게나 찬란한,20148627,1596,20141120
메멘토,20010238,1708,20141121
박스트롤,20142301,4349,20141123
봄,20130573,1467,20141125
패션왕,20147129,2371,20141126
부니 베어: 롤라 구출 대모험,20143565,6315,20141130
나를 찾아줘,20140425,1508,20141201
혼스,20142741,1538,20141202
카트,20136802,5018,20141203
아빠를 빌려드립니다,20136312,1879,20141203
GROW: 인피니트의 리얼 청춘 라이프,20143574,4508,20141205
꼬마 잠수함 올리 2,20143314,7650,20141207
꾸뻬씨의 행복여행,20142843,4065,20141209
헝거게임: 모킹제이,20140402,3720,20141209
덤 앤 더머 투,20149287,2936,20141209
목숨,20141704,5832,20141211
퓨리,20140694,5693,20141216
덕수리 5형제,20134588,4191,20141216
빅매치,20134590,1531,20141217
하울의 움직이는 성,20040756,2443,20141219
쥬로링 동물탐정 극장판,20134436,7288,20141221
마미,20141621,3838,20141221
사랑에 대한 모든 것,20143543,3219,20141222
엑소더스: 신들과 왕들,20140842,4717,20141223
"러브, 로지",20142421,4424,20141223
더 테너 리리코 스핀토,20141614,3668,20141223
뽀로로 극장판 눈요정 마을 대모험,20143639,9739,20141228
일곱난쟁이,20143602,24095,20141230
숲속으로,20143422,21177,20141230
개를 훔치는 완벽한 방법,20130574,12506,20150106
상의원,20147176,8689,20150106
눈의 여왕 2: 트롤의 마법거울,20143344,6380,20150106
언브로큰,20149948,17773,20150113
기술자들,20149265,17368,20150113
타임 패러독스,20144481,7011,20150113
호빗: 다섯 군대 전투,20140226,6776,20150113
테이큰 3,20143642,10908,20150120
패딩턴,20144523,6967,20150120
"님아, 그 강을 건너지 마오",20141111,6908,20150120
마다가스카의 펭귄,20149859,3802,20150123
극장판 포켓몬스터 XY : 파괴의 포켓몬과 디안시,20142962,11906,20150125
존 윅,20143253,8858,20150127
엑스 마키나,20145521,6124,20150127
와일드,20145021,3555,20150127
허삼관,20131262,4630,20150203
빅 아이즈,20144507,6801,20150204
워터 디바이너,20144102,6754,20150204
박물관이 살아있다 : 비밀의 무덤,20143541,6451,20150204
더 이퀄라이저,20145041,5779,20150204
바다 탐험대 옥토넛 스페셜,20155601,15576,20150208
아메리칸 스나이퍼,20143754,2047,20150209
내 심장을 쏴라,20148553,5436,20150210
오늘의 연애,20142407,4537,20150210
센과 치히로의 행방불명,20020168,6155,20150211
주피터 어센딩,20149037,3757,20150211
최강전사 미니특공대 : 새로운 악당의 습격,20156441,14260,20150215
강남 1970,20136888,5559,20150216
7번째 아들,20142561,5283,20150217
모데카이,20145242,13148,20150219
오즈의 마법사: 돌아온 도로시,20155881,8912,20150224
명탐정 코난 : 코난 실종사건 - 사상 최악의 이틀,20155761,7511,20150224
빅 히어로,20149951,12432,20150225
스폰지밥 3D,20149401,17682,20150301
도라에몽 : 스탠 바이 미,20144322,17412,20150301
포커스,20145102,5329,20150304
나이트 크롤러,20145103,4105,20150304
쎄시봉,20148188,3900,20150304
백 투 더 비기닝,20156161,2357,20150309
조선명탐정 : 사라진 놉의 딸,20149570,8062,20150311
세인트 빈센트,20145085,5994,20150311
그레이의 50가지 그림자,20147613,4836,20150311
기생수 파트1,20144621,4146,20150311
국제시장,20137048,2352,20150311
버드맨,20144801,2606,20150317
순수의 시대,20136063,5553,20150318
트레이서,20157001,3696,20150320
소셜포비아,20141602,3620,20150324
추억의 마니,20156904,2370,20150324
태양을 쏴라,20133681,1623,20150325
드래곤 블레이드,20156704,1245,20150326
투캅스 인 파리,20158082,1360,20150327
헬머니,20148841,1874,20150331
뷰티풀 라이,20157421,1494,20150331
채피,20156402,781,20150331
런 올 나이트,20157041,2144,20150401
살인의뢰,20148461,1088,20150401
맛있는 택배,20158504,2057,20150402
윈드랜드,20157584,10293,20150405
팔로우,20157394,2373,20150407
파울볼,20157587,1891,20150407
송 원,20157121,2185,20150408
인서전트,20144461,1774,20150408
뱀파이어 아카데미,20158643,2126,20150410
엘리노어 릭비: 그 남자 그 여자,20142884,3320,20150415
한 번 더 해피엔딩,20141085,3026,20150415
그 사람 그 사랑 그 세상,20143081,3018,20150415
코블러,20145281,2685,20150415
검은손,20157986,1803,20150417
유고와 라라: 하늘고래와 구름섬 대모험,20158091,12054,20150419
신데렐라,20156841,5562,20150419
위자,20156977,5176,20150422
타이거 마운틴,20158841,1846,20150423
더 건맨,20157904,894,20150424
화장,20133682,1020,20150425
위플래쉬,20145141,1058,20150426
신은 죽지 않았다,20157782,978,20150426
킹스맨 : 시크릿 에이전트,20140110,748,20150427
워킹걸,20147947,1425,20150428
약장수,20156321,2745,20150429
스물,20148845,1445,20150429
"땡큐, 대디",20157021,1139,20150429
이미테이션 게임,20141962,4994,20150430
짱구는 못말려 극장판 : 정면승부! 로봇아빠의 역습,20158461,38278,20150505
빌리와 용감한 녀석들 3,20158428,4636,20150506
분노의 질주: 더 세븐,20143580,3269,20150506
기생수 파트2,20158561,4735,20150513
노아의 방주: 남겨진 녀석들,20158069,5092,20150517
트래쉬,20158703,2326,20150520
연애의 맛,20149062,2308,20150520
위험한 상견례 2,20143512,1723,20150520
언프렌디드: 친구삭제,20158704,1676,20150520
장수상회,20140703,1571,20150521
말할 수 없는 비밀,20071066,914,20150522
다이노 타임,20100211,2693,20150525
스틸 앨리스,20145042,2230,20150525
차이나타운,20149266,1475,20150526
위아영,20158670,1091,20150526
하나와 앨리스: 살인사건,20158981,1833,20150527
써드 퍼슨 - 감독판,20159101,1010,20150527
사이코패스,20159655,4794,20150531
피치 퍼펙트: 언프리티 걸즈,20159141,2693,20150603
차일드 44,20159442,1481,20150603
에벌리,20159623,2355,20150604
어벤져스: 에이지 오브 울트론,20148493,1749,20150605
홈,20140145,8322,20150607
트립 투 이탈리아,20159063,1269,20150609
투모로우랜드,20159748,1981,20150610
령 : 저주받은 사진,20159573,1824,20150610
카이트,20150841,2053,20150612
엘리펀트 송,20159582,749,20150616
은밀한 유혹,20136869,2355,20150617
악의 연대기,20149569,2137,20150617
무뢰한,20130566,1723,20150617
꼬마 유령,20140207,1655,20150621
베스트 오브 미,20150563,1776,20150623
간신,20142402,1235,20150623
샌 안드레아스,20144682,7258,20150624
스파이,20158621,2460,20150624
정글번치: 너구리 해적단과 보물지도,20159221,13154,20150628
나의 절친 악당들,20142856,9023,20150701
데모닉,20159223,3372,20150701
경성학교: 사라진 소녀들,20141224,2911,20150701
매드 맥스: 분노의 도로,20144741,1359,20150701
리틀드래곤 코코넛,20150255,12641,20150705
호비와 엄마나무섬의 비밀,20150963,3215,20150705
폴라로이드,20133667,1915,20150706
한여름의 판타지아,20147803,1796,20150707
19곰 테드 2,20156749,3960,20150708
라자루스,20159001,3688,20150708
마돈나,20159161,1277,20150708
심야식당,20156970,3159,20150711
BiFan2015 판타스틱 단편 걸작선 3,20152337,2408,20150712
소수의견,20136057,1473,20150714
극비수사,20148855,6563,20150715
손님,20148844,11520,20150721
다크 플레이스,20156301,5824,20150721
쓰리 썸머 나잇,20141060,5818,20150721
쥬라기 월드,20098169,1943,20150728
픽셀,20158241,8514,20150729
인시디어스 3,20150741,6569,20150729
터미네이터 제니시스,20141384,6075,20150729
포켓몬 레인저와 바다의 왕자 마나피,20060204,3023,20150729
종이 달,20151482,1239,20150801
우먼 인 골드,20151002,1508,20150802
연평해전,20134798,3229,20150804
러덜리스,20150522,2649,20150804
러브 앤 머시,20151821,1507,20150809
어느 하녀의 일기,20152264,1330,20150809
고녀석 맛나겠다2 : 함께라서 행복해,20140241,1879,20150811
극장판 요괴워치: 탄생의 비밀이다냥!,20150501,2326,20150812
아마조니아,20152372,1153,20150812
무민 더 무비,20151302,1086,20150812
성실한 나라의 앨리스,20156281,2626,20150818
숀더쉽,20158062,4671,20150819
에스엠타운 더 스테이지,20152870,4456,20150819
명탐정 코난 : 화염의 해바라기,20151964,9420,20150823
퇴마: 무녀굴,20158481,7247,20150826
"협녀, 칼의 기억",20130021,3272,20150826
인사이드 아웃,20151225,15637,20150830
판타스틱 4,20157531,1893,20150901
아메리칸 울트라,20152866,9382,20150902
미션 임파서블: 로그네이션,20157881,8403,20150902
미니언즈,20145361,11877,20150906
치외법권,20155826,1904,20150907
히트맨: 에이전트 47,20153385,6005,20150909
갤로우즈,20152869,4178,20150909
피케이: 별에서 온 얼간이,20153282,3017,20150909
사랑이 이긴다,20140190,2733,20150910
셀프/리스,20151521,8277,20150915
오피스,20143511,6403,20150915
미라클 벨리에,20155874,1221,20150915
스트레이트 아웃 오브 컴턴,20154162,1013,20150921
춘희막이,20149264,2016,20150922
뷰티 인사이드,20143572,2767,20150923
암살,20148851,2387,20150923
함정,20143510,1762,20150923
더 매직: 리틀톰과 도둑공주,20153022,19259,20150929
앤트맨,20155702,4708,20150930
에베레스트,20151421,5040,20151007
주온: 더 파이널,20154621,4454,20151007
대니 콜린스,20153025,4189,20151007
서부전선,20140193,2452,20151008
극장판 도라에몽 : 진구의 우주영웅기~스페이스 히어로즈~,20153470,1487,20151012
지금은맞고그때는틀리다,20151782,1047,20151013
메이즈 러너: 스코치 트라이얼,20150622,2964,20151014
베테랑,20148048,1940,20151014
리그레션,20152121,2918,20151015
팬,20150562,6910,20151018
아델라인 : 멈춰진 시간,20155562,4334,20151021
더 비지트,20155639,3414,20151021
비밀,20156553,3237,20151021
슬리핑 위드 아더 피플,20155547,1425,20151023
뮨: 달의 요정,20151815,3300,20151025
트랜스포터: 리퓰드,20153201,3194,20151025
성난 변호사,20142855,8047,20151027
사도,20148846,2984,20151027
탐정 : 더 비기닝,20156557,1751,20151027
어떤살인,20143502,2099,20151030
돌연변이,20145501,2966,20151101
특종: 량첸살인기,20145504,8418,20151104
맨 프롬 UNCLE,20152745,7288,20151104
미안해 사랑해 고마워,20149961,4487,20151104
더 랍스터,20150862,2316,20151104
러브 라이브! 더 스쿨 아이돌 무비,20153039,4297,20151105
이스케이프,20154729,3752,20151110
하늘을 걷는 남자,20155101,2793,20151110
더 폰,20157464,4724,20151111
몬스터 헌트,20155441,6964,20151115
더 셰프,20155277,2857,20151117
위아 유어 프렌즈,20155646,2004,20151117
스파이 브릿지,20152871,4382,20151118
그놈이다,20157465,3051,20151118
미쓰 와이프,20143513,1615,20151120
아더와 미니모이 3: 두 세계의 전쟁,20156383,2308,20151121
개구리왕국,20156360,6855,20151122
아이돌 마스터 무비 : 빛의 저편으로!,20155740,3300,20151122
꾸루꾸루와 친구들: 무지개 나무의 비밀,20158682,2577,20151122
인턴,20152022,1255,20151123
나를 미치게 하는 여자,20156166,1827,20151124
마션,20151383,1591,20151124
위선자들,20157191,3982,20151126
인터스텔라,20149120,4383,20151201
007 스펙터,20157432,5538,20151202
크림슨 피크,20156570,4574,20151202
도리화가,20140144,6976,20151203
극장판 파워레인저 트레인포스 VS 다이노포스 THE MOVIE,20157883,15725,20151206
괴물의 아이,20157175,14637,20151206
사우스포,20153083,8406,20151209
맥베스,20157065,6615,20151209
헝거게임: 더 파이널,20151481,5233,20151209
타이밍,20141598,5722,20151211
극적인 하룻밤,20157501,8308,20151215
열정같은소리하고있네,20156748,6717,20151215
파더 앤 도터,20156275,6195,20151215
레전드,20155202,3557,20151216
이터널 선샤인,20050082,1034,20151217
검은 사제들,20145503,1655,20151219
보루토 - 나루토 더 무비,20157096,3458,20151220
시카리오: 암살자의 도시,20155423,1194,20151222
하트 오브 더 씨,20144683,1169,20151222
바닷마을 다이어리,20156102,2901,20151223
프리덤,20155690,1700,20151223
러브 액츄얼리,20030404,14416,20151225
이웃집에 신이 산다,20158885,5751,20151229
내부자들,20149314,46414,20151230
스누피: 더 피너츠 무비,20150752,9278,20151230
뽀로로 극장판 컴퓨터 왕국 대모험,20156807,12243,20160101
어린왕자,20155563,11288,20160106
대호,20145171,8379,20160106
포켓몬 더 무비 XY 후파: 광륜의 초마신,20153702,5636,20160106
라스트 위치 헌터,20157197,4171,20160106
잡아야 산다,20152370,8688,20160107
조선마술사,20144442,10593,20160108
헤이트풀8,20159510,7848,20160113
스타워즈: 깨어난 포스,20154141,7207,20160113
몬스터 호텔 2,20154242,8357,20160116
셜록: 유령신부,20157042,4280,20160120
포인트 브레이크,20153087,4265,20160120
짱구는 못말려 극장판: 나의 이사 이야기 선인장 대습격,20150024,3349,20160120
나를 잊지 말아요,20142641,3175,20160120
구스범스,20157158,5113,20160127
스티브 잡스,20150461,4797,20160127
굿 다이노,20155422,11776,20160131
세기의 매치,20159445,1463,20160201
그날의 분위기,20068576,2573,20160202
유스,20158882,2412,20160202
내부자들: 디 오리지널,20150025,1183,20160203
나쁜놈은 죽는다,20156080,1341,20160205
극장판 꼬마버스 타요의 에이스 구출작전,20150566,3009,20160206
레버넌트: 죽음에서 돌아온 자,20154001,8328,20160210
히말라야,20136068,3797,20160210
빅쇼트,20159199,4230,20160212
번개맨,20150903,18584,20160214
최강전사 미니특공대: 영웅의 탄생,20159657,10212,20160214
앨빈과 슈퍼밴드: 악동 어드벤처,20159059,6278,20160216
드레스메이커,20150456,4177,20160216
오빠생각,20158483,3221,20160216
"로봇, 소리",20157466,2904,20160216
빌리와 용감한 녀석들: 치킨 히어로,20151111,5462,20160221
캐롤,20150942,3521,20160223
극장판 아이엠스타 : 꿈의 오디션!,20150725,2743,20160223
쿵푸팬더3,20151803,10531,20160224
대니쉬 걸,20155020,7263,20160224
남과 여,20145502,11854,20160302
제 5침공,20161745,4099,20160302
순정,20151021,3551,20160302
13시간,20161630,8741,20160309
검사외전,20145507,6636,20160309
룸,20156063,5874,20160309
좋아해줘,20150977,3124,20160309
조이,20158529,9997,20160316
스포트라이트,20150565,2511,20160316
엽문3: 최후의 대결,20161781,2096,20160316
데드풀,20153781,3388,20160322
스푹스:MI5,20161583,2946,20160322
오 마이 그랜파,20161968,5962,20160323
갓 오브 이집트,20159162,5378,20160323
런던 해즈 폴른,20151884,6579,20160329
널 기다리며,20145396,3605,20160329
동주,20158482,3146,20160329
"헤일, 시저!",20161921,2951,20160329
마음이 외치고 싶어해,20161594,1994,20160404
귀향,20161364,1991,20160405
나의 그리스식 웨딩 2,20161905,2380,20160406
포레스트: 죽음의 숲,20162001,2365,20160406
글로리데이,20159643,2140,20160406
미스컨덕트,20162161,2887,20160408
대배우,20150902,2165,20160408
부활,20161881,3819,20160410
트럼보,20161870,5038,20160412
비포 선라이즈,19960126,4178,20160412
33,20162245,2977,20160412
라스트 홈,20150470,1778,20160412
극장판 프랭키와 친구들: 생명의 나무,20162431,7583,20160417
4등,20145182,1260,20160418
독수리 에디,20161964,2104,20160419
배트맨 대 슈퍼맨: 저스티스의 시작,20152781,2074,20160419
클로버필드 10번지,20162065,2034,20160420
헌츠맨: 윈터스 워,20158984,6327,20160426
파라노말 액티비티: 더 고스트 디멘션,20162621,3864,20160426
트리플 9,20162321,3306,20160426
냉정과 열정사이,20070458,2046,20160429
위대한 소원,20159641,5859,20160503
"날, 보러와요",20152782,4017,20160503
시크릿 인 데어 아이즈,20162299,2553,20160503
일사각오,20162381,2104,20160504
레고 무비,20136445,2642,20160506
다이노X 탐험대,20162461,6912,20160508
태양 아래,20161842,1394,20160509
인생은 아름다워,19990140,1442,20160510
시간이탈자,20142621,1951,20160511
해어화,20145506,945,20160512
다이노소어 어드벤처 : 백악기 공룡대백과,20162542,6391,20160515
매직브러시,20162300,5783,20160515
45년 후,20158888,775,20160516
브루클린,20162206,760,20160516
다이버전트 시리즈: 얼리전트,20162627,7048,20160518
엽기적인 그녀 2,20143509,4114,20160518
바후발리 : 더 비기닝,20163155,1099,20160518
주토피아,20155501,969,20160518
향수 : 어느 살인자의 이야기,20070083,1714,20160520
극장판 안녕 자두야,20162704,5205,20160522
몽키킹2: 서유기 여정의 시작,20163441,1670,20160523
하드코어 헨리,20163182,2953,20160524
레터스 투 갓,20161382,2620,20160525
썸니아,20153182,2259,20160528
동급생,20163322,2153,20160529
오베라는 남자,20162569,6688,20160531
캡틴 아메리카: 시빌 워,20159364,5019,20160531
탐정 홍길동: 사라진 마을,20142406,1861,20160531
플래그 더 문,20163841,18373,20160606
바다 탐험대 옥토넛 시즌4: 아슬아슬 구조대작전,20163201,13785,20160606
계춘할망,20156559,4305,20160608
무서운 이야기 3 : 화성에서 온 소녀,20158242,3024,20160608
더 보이,20162925,2599,20160608
극장판 유희왕 더 다크 사이드 오브 디멘션즈,20163981,9267,20160612
나의 소녀시대,20163137,1202,20160613
싱 스트리트,20163018,3111,20160615
앵그리버드 더 무비,20156207,5429,20160619
엑스맨: 아포칼립스,20150523,2087,20160620
본 투 비 블루,20163164,2547,20160621
닌자터틀 : 어둠의 히어로,20150385,9067,20160626
비밀은 없다,20140704,17817,20160628
크리미널,20163202,7628,20160628
워크래프트: 전쟁의 서막,20158150,4947,20160628
곡성,20140194,3477,20160628
특별수사: 사형수의 편지,20159645,13257,20160705
잔예 - 살아서는 안되는 방,20163962,9649,20160709
정글북,20162967,12121,20160710
사냥,20154906,3909,20160711
컨저링 2,20162941,5721,20160712
미 비포 유,20163215,4104,20160712
인디펜던스 데이 : 리써전스,20150782,3841,20160712
아가씨,20144444,3772,20160712
더 웨이브,20162572,2510,20160713
레전드 오브 타잔,20163661,3503,20160717
트릭,20158982,3854,20160719
불의 전차,19818004,1951,20160719
500일의 썸머,20090683,1920,20160719
굿바이 싱글,20150972,3166,20160722
데몰리션,20163961,3021,20160724
봉이 김선달,20159644,17757,20160726
언더 워터,20165201,14204,20160726
BIFAN2016 판타스틱 단편 걸작선 1,20166845,4884,20160728
나의 산티아고,20165130,3595,20160731
나우 유 씨 미 2,20150203,27243,20160802
극장판 요괴워치: 염라대왕과 5개의 이야기다냥!,20164521,19886,20160802
빅,20165561,19588,20160802
태풍이 지나가고,20163189,4588,20160807
아이스 에이지: 지구 대충돌,20161286,3259,20160807
도리를 찾아서,20159058,6691,20160809
슈퍼 프렌즈,20165961,12812,20160813
제이슨 본,20161907,9650,20160816
명탐정 코난: 순흑의 악몽,20162002,7845,20160816
갤럭시 히어로즈: 라쳇 앤 클랭크,20163043,9270,20160820
마이 리틀 자이언트,20165281,8953,20160821
파워배틀 와치카 미니카 배틀리그: 불꽃의 질주,20165981,8317,20160821
수어사이드 스쿼드,20152963,3340,20160823
죽은 시인의 사회,19900204,3226,20160823
국가대표 2,20150968,6624,20160824
서울역,20148460,3013,20160824
플로렌스,20166901,9630,20160830
올레,20150901,5778,20160830
머니 몬스터,20168182,5674,20160902
마이펫의 이중생활,20156082,25132,20160904
고스트버스터즈,20162404,9360,20160906
스타트렉 비욘드,20150567,5980,20160906
이퀄스,20167563,4547,20160906
인천상륙작전,20156250,4460,20160906
부산행,20156564,1951,20160909
덕혜옹주,20150979,4108,20160911
라이트 아웃,20163217,5417,20160913
달빛궁궐,20166541,14463,20160918
로빈슨 크루소,20165941,13505,20160918
아이엠스타 뮤직어워드,20168721,11311,20160918
장난감이 살아있다,20166721,10672,20160918
인천상륙작전 : 익스텐디드 에디션(확장판),20160041,853,20160919
메카닉: 리크루트,20167261,1194,20160920
터널,20154910,896,20160920
드림 쏭,20167154,14862,20160925
대결,20162022,3456,20160926
매그니피센트 7,20163294,16285,20160927
"고산자, 대동여지도",20159648,7609,20160927
거울나라의 앨리스,20162968,3782,20160927
뉴 스텝업: 어반댄스,20163184,1877,20160928
립반윙클의 신부,20164094,1862,20160929
돈 맛,20160761,1729,20160929
바다 탐험대 옥토넛 시즌4: 늪지탐험선K,20168361,14491,20161003
백설공주 : 사라진 아빠를 찾아서,20169764,1919,20161004
아이 엠 어 히어로,20169122,1791,20161004
디시에르토,20168822,2274,20161005
카페 소사이어티,20168401,890,20161005
피터와 드래곤,20160143,8511,20161009
밀정,20159646,7984,20161012
그물,20167867,5794,20161012
벤허,20167839,1736,20161012
극장판 프리파라 모두 모여라! 프리즘☆투어즈,20160261,6041,20161015
토마스와 친구들: 용감한 기관차와 괴물소동,20169028,7282,20161016
어카운턴트,20160203,6216,20161018
아수라,20153443,4385,20161018
설리: 허드슨강의 기적,20168891,3375,20161018
바스티유 데이,20168501,2219,20161019
키즈모노가타리 II : 열혈편,20161201,3284,20161020
미스터 캣,20169986,6934,20161023
해리포터와 죽음의 성물2,20111009,2970,20161024
맨 인 더 다크,20167481,3812,20161025
브리짓 존스의 베이비,20168885,3241,20161025
킹 오브 프리즘 (바이 프리티 리듬),20167041,1977,20161027
파이트 클럽 ,19990303,1450,20161028
쿠보와 전설의 악기,20160781,6532,20161030
걷기왕,20151022,1791,20161031
세븐,19950327,1167,20161031
죽여주는 여자,20161589,1656,20161101
미스 페레그린과 이상한 아이들의 집,20164501,1587,20161101
자백,20163041,2058,20161102
인어공주 : 새로운 모험의 시작,20162609,9915,20161106
글루미 선데이,20060127,1874,20161107
혼숨,20150564,4089,20161108
무한대를 본 남자,20161165,3137,20161108
인페르노,20156007,2748,20161108
선생님의 일기,20160862,1826,20161109
"색, 계",20070582,1735,20161109
극장판 파워레인저: 닌자포스 VS 트레인포스 닌자 인 원더랜드,20161796,8384,20161113
로스트 인 더스트,20161527,1392,20161114
당신자신과 당신의 것,20169730,1323,20161114
세상에서 고양이가 사라진다면,20162147,4961,20161115
노트북,20040734,2710,20161115
드래곤 네스트: 평화 기사단 VS 블랙 드래곤,20164169,1598,20161115
연애담,20159286,1065,20161121
카페 6,20162928,1656,20161122
위자: 저주의 시작,20161843,2061,20161123
감바의 대모험,20162504,6226,20161127
"무현, 두 도시 이야기",20162545,1633,20161128
가려진 시간,20154905,7306,20161129
스플릿,20163521,4591,20161129
테일 오브 테일즈,20162787,2618,20161129
블레어 위치,20161162,2328,20161129
럭키,20153444,2155,20161129
캡틴 판타스틱,20167628,2260,20161130
하이큐!! 끝과 시작,20162629,2319,20161201
도성풍운 3,20162207,1559,20161202
리틀메딕: 몸속탐험대,20163903,13642,20161204
신밧드 더 무비,20166462,2641,20161204
미스 사이공 : 25주년 특별 공연,20163824,1402,20161205
닥터 스트레인지,20163181,2995,20161206
커튼콜,20157064,2111,20161206
순종,20161603,1388,20161207
언더월드: 블러드 워,20161605,831,20161207
두 남자,20160472,903,20161209
호비와 동화나라 대모험,20163856,3549,20161211
잭 리처: 네버 고 백,20166363,5521,20161213
스노우타임,20164388,7229,20161218
원피스 필름 골드,20162382,3147,20161219
미씽: 사라진 여자,20153741,6679,20161220
목숨 건 연애,20155223,3515,20161220
뚜르: 내 생애 최고의 49일,20154342,2620,20161221
형,20154661,2575,20161223
아기배달부 스토크,20163884,8370,20161225
신비한 동물사전,20162365,2554,20161227
에곤 쉴레: 욕망이 그린 그림,20160221,2191,20161228
하이큐!! 승자와 패자,20165543,3487,20161230
잉글리쉬 페이션트,19970099,5362,20161231
극장판 도라에몽: 신 진구의 버스 오브 재팬,20165285,3552,20170101
해리가 샐리를 만났을 때,19890291,1507,20170102
루돌프와 많이있어,20162727,20377,20170103
포켓몬 더 무비 XY&Z 「볼케니온 : 기계왕국의 비밀」,20162183,9079,20170103
"당신, 거기 있어줄래요",20152371,8951,20170103
"나, 다니엘 블레이크",20161763,3091,20170103
7년-그들이 없는 언론,20163014,2051,20170103
로그 원: 스타워즈 스토리,20163183,10621,20170110
여교사,20151181,8330,20170110
판도라,20144641,6870,20170110
반지의 제왕 : 반지원정대 (확장판),20168324,5099,20170111
어쌔신 크리드,20164421,16999,20170117
씽,20162025,6390,20170117
패신저스,20161084,5624,20170117
사랑하기 때문에,20150966,4607,20170117
눈의 여왕 3: 눈과 불의 마법대결,20165153,2343,20170118
반지의 제왕 : 두개의 탑 (확장판),20168664,3037,20170124
마스터,20161725,2824,20170124
단지 세상의 끝,20163186,1675,20170124
반지의 제왕 : 왕의 귀환 (확장판),20168689,4547,20170126
바다 탐험대 옥토넛 시즌4: 바다 괴물 대소동,20168366,6183,20170127
공조,20151228,664830,20170128
더 킹,20151229,429935,20170128
모아나,20165443,83424,20170128
레지던트 이블: 파멸의 날,20168688,83047,20170128
너의 이름은.,20161872,45660,20170128
라라랜드,20167904,19012,20170128
딥워터 호라이즌,20168154,12832,20170128
터닝메카드W: 블랙미러의 부활,20163845,10653,20170128
짱구는 못말려 극장판: 폭풍수면! 꿈꾸는 세계 대돌격,20167285,10168,20170128
얼라이드,20168381,6335,20170128
